{"polyfill":["/polyfill-db17ba60e4bdabe53308.js"],"app":["/app-2f2af03d80b1f1f2518e.js"],"component---src-pages-404-js":["/component---src-pages-404-js-1a561f418fe0c5d06da3.js"],"component---src-pages-country-country-slug-js":["/component---src-pages-country-country-slug-js-d12c855fc2ad46096ce8.js"],"component---src-pages-index-js":["/component---src-pages-index-js-11b9770ed0fa199c5b5b.js"],"component---src-pages-region-region-slug-js":["/component---src-pages-region-region-slug-js-0e88cd281305ccb64d65.js"]}